City_ID,City
1,Henderson
2,Los Angeles
3,Fort Lauderdale
2,Los Angeles
4,Concord
5,Seattle
6,Fort Worth
7,Madison
8,West Jordan
9,San Francisco
10,Fremont
11,Philadelphia
12,Orem
2,Los Angeles
11,Philadelphia
13,Houston
14,Richardson
13,Houston
15,Naperville
2,Los Angeles
16,Melbourne
17,Eagan
18,Westland
19,Dover
20,New Albany
21,New York City
22,Troy
2,Los Angeles
23,Chicago
24,Gilbert
25,Springfield
21,New York City
26,Jackson
27,Memphis
13,Houston
13,Houston
28,Decatur
9,San Francisco
29,Durham
23,Chicago
30,Columbia
31,Rochester
13,Houston
2,Los Angeles
32,Minneapolis
33,Portland
21,New York City
9,San Francisco
34,Saint Paul
23,Chicago
31,Rochester
35,Aurora
36,Charlotte
37,Orland Park
21,New York City
38,Urbandale
39,Columbus
5,Seattle
40,Bristol
41,Wilmington
13,Houston
42,Bloomington
43,Phoenix
2,Los Angeles
39,Columbus
44,Roseville
11,Philadelphia
9,San Francisco
45,Independence
46,Pasadena
47,Newark
48,Franklin
49,Scottsdale
50,San Jose
5,Seattle
5,Seattle
51,Edmond
2,Los Angeles
11,Philadelphia
52,Carlsbad
5,Seattle
53,San Antonio
2,Los Angeles
23,Chicago
13,Houston
47,Newark
21,New York City
28,Decatur
54,Monroe
55,Fairfield
2,Los Angeles
56,Grand Prairie
21,New York City
57,Redlands
58,Hamilton
59,Westfield
11,Philadelphia
60,Akron
61,Denver
62,Dallas
48,Franklin
63,Whittier
64,Saginaw
62,Dallas
65,Medina
2,Los Angeles
66,Dublin
67,Detroit
30,Columbia
36,Charlotte
68,Tampa
69,Santa Clara
23,Chicago
70,Lakeville
9,San Francisco
71,San Diego
21,New York City
23,Chicago
21,New York City
46,Pasadena
13,Houston
23,Chicago
72,Brentwood
73,Chapel Hill
74,Morristown
75,Cincinnati
9,San Francisco
9,San Francisco
76,Inglewood
11,Philadelphia
13,Houston
2,Los Angeles
33,Portland
77,Tamarac
39,Columbus
78,Colorado Springs
79,Belleville
23,Chicago
21,New York City
80,Taylor
81,Lakewood
82,Arlington
83,Arvada
84,Hackensack
85,Saint Petersburg
11,Philadelphia
21,New York City
86,Long Beach
87,Hesperia
88,Murfreesboro
11,Philadelphia
11,Philadelphia
2,Los Angeles
9,San Francisco
89,Layton
11,Philadelphia
90,Austin
9,San Francisco
91,Lowell
21,New York City
21,New York City
36,Charlotte
39,Columbus
21,New York City
9,San Francisco
92,Manchester
93,Harlingen
94,Tucson
95,Quincy
48,Franklin
13,Houston
9,San Francisco
80,Taylor
96,Pembroke Pines
11,Philadelphia
75,Cincinnati
21,New York City
97,Des Moines
98,Peoria
99,Las Vegas
100,Warwick
26,Jackson
13,Houston
101,Miami
41,Wilmington
21,New York City
9,San Francisco
5,Seattle
102,Huntington Beach
2,Los Angeles
103,Richmond
2,Los Angeles
104,Louisville
105,Lawrence
26,Jackson
106,Canton
107,New Rochelle
53,San Antonio
108,Gastonia
91,Lowell
109,Jacksonville
23,Chicago
13,Houston
21,New York City
67,Detroit
39,Columbus
110,Auburn
60,Akron
111,Norman
4,Concord
28,Decatur
5,Seattle
43,Phoenix
112,Park Ridge
113,Amarillo
23,Chicago
114,Lindenhurst
9,San Francisco
2,Los Angeles
22,Troy
21,New York City
71,San Diego
21,New York City
2,Los Angeles
23,Chicago
115,Huntsville
31,Rochester
5,Seattle
27,Memphis
116,Fayetteville
117,Costa Mesa
118,Parker
21,New York City
119,Atlanta
120,Gladstone
47,Newark
2,Los Angeles
121,Great Falls
13,Houston
67,Detroit
2,Los Angeles
105,Lawrence
122,Lakeland
11,Philadelphia
2,Los Angeles
2,Los Angeles
123,Montgomery
124,Mesa
23,Chicago
21,New York City
1,Henderson
125,Green Bay
94,Tucson
25,Springfield
6,Fort Worth
21,New York City
23,Chicago
9,San Francisco
109,Jacksonville
13,Houston
126,Anaheim
41,Wilmington
2,Los Angeles
9,San Francisco
68,Tampa
5,Seattle
2,Los Angeles
5,Seattle
21,New York City
127,Marysville
86,Long Beach
23,Chicago
2,Los Angeles
61,Denver
103,Richmond
128,Salem
129,Laredo
71,San Diego
11,Philadelphia
11,Philadelphia
68,Tampa
11,Philadelphia
62,Dallas
11,Philadelphia
130,Grove City
21,New York City
23,Chicago
131,Dearborn
21,New York City
5,Seattle
9,San Francisco
35,Aurora
101,Miami
132,Warner Robins
35,Aurora
133,Vallejo
32,Minneapolis
134,Mission Viejo
135,Rochester Hills
136,Plainfield
39,Columbus
137,Sierra Vista
138,Vancouver
21,New York City
21,New York City
39,Columbus
35,Aurora
82,Arlington
21,New York City
104,Louisville
62,Dallas
139,Cleveland
23,Chicago
95,Quincy
39,Columbus
140,Tyler
21,New York City
141,Burlington
26,Jackson
21,New York City
142,Waynesboro
2,Los Angeles
143,Chester
139,Cleveland
5,Seattle
86,Long Beach
144,Cary
21,New York City
21,New York City
145,Palm Coast
146,Mount Vernon
5,Seattle
19,Dover
47,Newark
12,Orem
2,Los Angeles
67,Detroit
11,Philadelphia
147,Hialeah
90,Austin
148,Oceanside
5,Seattle
9,San Francisco
15,Naperville
62,Dallas
71,San Diego
149,Evanston
150,Trenton
9,San Francisco
2,Los Angeles
109,Jacksonville
151,Cottage Grove
21,New York City
125,Green Bay
2,Los Angeles
119,Atlanta
39,Columbus
152,Bossier City
85,Saint Petersburg
82,Arlington
97,Des Moines
75,Cincinnati
9,San Francisco
39,Columbus
30,Columbia
153,Lancaster
153,Lancaster
103,Richmond
154,Asheville
9,San Francisco
31,Rochester
31,Rochester
155,Lake Elsinore
71,San Diego
21,New York City
54,Monroe
9,San Francisco
61,Denver
156,Omaha
157,Edmonds
158,Santa Ana
159,Milwaukee
11,Philadelphia
11,Philadelphia
79,Belleville
9,San Francisco
70,Lakeville
160,Florence
68,Tampa
140,Tyler
30,Columbia
6,Fort Worth
21,New York City
2,Los Angeles
104,Louisville
161,Lorain
162,Linden
163,Salinas
26,Jackson
21,New York City
21,New York City
164,New Brunswick
9,San Francisco
109,Jacksonville
25,Springfield
11,Philadelphia
153,Lancaster
11,Philadelphia
4,Concord
21,New York City
36,Charlotte
4,Concord
11,Philadelphia
21,New York City
25,Springfield
9,San Francisco
67,Detroit
31,Rochester
2,Los Angeles
71,San Diego
30,Columbia
9,San Francisco
107,New Rochelle
67,Detroit
9,San Francisco
13,Houston
67,Detroit
110,Auburn
25,Springfield
165,Garland
23,Chicago
2,Los Angeles
21,New York City
26,Jackson
166,Norwich
159,Milwaukee
53,San Antonio
62,Dallas
167,Alexandria
21,New York City
21,New York City
11,Philadelphia
25,Springfield
168,Toledo
11,Philadelphia
11,Philadelphia
169,Farmington
170,Riverside
9,San Francisco
171,Torrance
5,Seattle
124,Mesa
11,Philadelphia
11,Philadelphia
172,Round Rock
26,Jackson
43,Phoenix
148,Oceanside
9,San Francisco
116,Fayetteville
9,San Francisco
173,Boca Raton
21,New York City
11,Philadelphia
21,New York City
33,Portland
67,Detroit
41,Wilmington
39,Columbus
21,New York City
104,Louisville
46,Pasadena
13,Houston
110,Auburn
109,Jacksonville
21,New York City
50,San Jose
174,Virginia Beach
1,Henderson
138,Vancouver
21,New York City
175,Murrieta
109,Jacksonville
49,Scottsdale
141,Burlington
23,Chicago
71,San Diego
176,Olympia
5,Seattle
2,Los Angeles
21,New York City
177,Washington
11,Philadelphia
2,Los Angeles
25,Springfield
84,Hackensack
75,Cincinnati
178,Jefferson City
2,Los Angeles
141,Burlington
179,Saint Peters
21,New York City
23,Chicago
180,Rockford
101,Miami
9,San Francisco
11,Philadelphia
21,New York City
71,San Diego
11,Philadelphia
13,Houston
168,Toledo
9,San Francisco
181,Brownsville
11,Philadelphia
2,Los Angeles
61,Denver
21,New York City
124,Mesa
39,Columbus
5,Seattle
67,Detroit
182,Yonkers
97,Des Moines
183,Oakland
54,Monroe
71,San Diego
184,Clinton
36,Charlotte
2,Los Angeles
9,San Francisco
13,Houston
170,Riverside
13,Houston
185,Encinitas
9,San Francisco
186,Roswell
187,Jonesboro
103,Richmond
25,Springfield
188,Antioch
11,Philadelphia
189,Homestead
190,La Porte
2,Los Angeles
191,Lansing
192,Cuyahoga Falls
193,Reno
194,Harrisonburg
2,Los Angeles
32,Minneapolis
195,Escondido
21,New York City
26,Jackson
5,Seattle
21,New York City
196,Royal Oak
2,Los Angeles
42,Bloomington
21,New York City
4,Concord
2,Los Angeles
197,Rockville
13,Houston
81,Lakewood
109,Jacksonville
5,Seattle
2,Los Angeles
198,Coral Springs
13,Houston
61,Denver
36,Charlotte
21,New York City
11,Philadelphia
2,Los Angeles
21,New York City
2,Los Angeles
199,Buffalo
75,Cincinnati
200,Boynton Beach
5,Seattle
21,New York City
21,New York City
201,Gulfport
202,Fresno
21,New York City
159,Milwaukee
143,Chester
36,Charlotte
109,Jacksonville
203,Greenville
86,Long Beach
190,La Porte
9,San Francisco
2,Los Angeles
104,Louisville
160,Florence
23,Chicago
6,Fort Worth
13,Houston
204,Macon
205,Cedar Rapids
109,Jacksonville
90,Austin
206,Providence
21,New York City
21,New York City
9,San Francisco
71,San Diego
207,Pueblo
55,Fairfield
34,Saint Paul
9,San Francisco
25,Springfield
82,Arlington
39,Columbus
13,Houston
46,Pasadena
105,Lawrence
39,Columbus
2,Los Angeles
11,Philadelphia
208,Deltona
75,Cincinnati
209,Murray
41,Wilmington
105,Lawrence
23,Chicago
11,Philadelphia
166,Norwich
9,San Francisco
9,San Francisco
161,Lorain
62,Dallas
2,Los Angeles
210,Middletown
2,Los Angeles
21,New York City
109,Jacksonville
211,Freeport
70,Lakeville
149,Evanston
82,Arlington
9,San Francisco
13,Houston
104,Louisville
6,Fort Worth
2,Los Angeles
11,Philadelphia
94,Tucson
212,Pico Rivera
78,Colorado Springs
184,Clinton
133,Vallejo
213,Provo
214,Pleasant Grove
35,Aurora
215,Smyrna
141,Burlington
35,Aurora
21,New York City
128,Salem
39,Columbus
11,Philadelphia
21,New York City
43,Phoenix
56,Grand Prairie
21,New York City
21,New York City
117,Costa Mesa
13,Houston
124,Mesa
163,Salinas
39,Columbus
160,Florence
5,Seattle
216,Parma
113,Amarillo
206,Providence
9,San Francisco
103,Richmond
35,Aurora
23,Chicago
23,Chicago
11,Philadelphia
2,Los Angeles
43,Phoenix
217,Mobile
39,Columbus
218,New Bedford
219,Irving
210,Middletown
5,Seattle
220,Vineland
46,Pasadena
21,New York City
221,Glendale
109,Jacksonville
67,Detroit
11,Philadelphia
2,Los Angeles
13,Houston
222,Niagara Falls
21,New York City
223,Thomasville
224,Westminster
9,San Francisco
26,Jackson
5,Seattle
21,New York City
2,Los Angeles
11,Philadelphia
21,New York City
21,New York City
138,Vancouver
39,Columbus
225,Coppell
9,San Francisco
90,Austin
2,Los Angeles
2,Los Angeles
21,New York City
39,Columbus
156,Omaha
2,Los Angeles
226,Pomona
62,Dallas
11,Philadelphia
227,North Las Vegas
5,Seattle
9,San Francisco
23,Chicago
94,Tucson
228,Allentown
47,Newark
101,Miami
229,Tempe
21,New York City
230,Laguna Niguel
231,Bridgeton
232,Everett
39,Columbus
71,San Diego
233,Watertown
53,San Antonio
21,New York City
13,Houston
71,San Diego
234,Appleton
103,Richmond
235,Bellevue
86,Long Beach
11,Philadelphia
5,Seattle
5,Seattle
9,San Francisco
5,Seattle
21,New York City
11,Philadelphia
30,Columbia
5,Seattle
236,Allen
2,Los Angeles
119,Atlanta
2,Los Angeles
237,El Paso
35,Aurora
160,Florence
21,New York City
21,New York City
174,Virginia Beach
238,Grapevine
176,Olympia
2,Los Angeles
98,Peoria
39,Columbus
21,New York City
239,Carrollton
19,Dover
215,Smyrna
47,Newark
2,Los Angeles
2,Los Angeles
183,Oakland
11,Philadelphia
17,Eagan
21,New York City
240,Kent
2,Los Angeles
21,New York City
241,Lafayette
139,Cleveland
139,Cleveland
242,Tigard
177,Washington
243,Skokie
5,Seattle
11,Philadelphia
11,Philadelphia
9,San Francisco
5,Seattle
159,Milwaukee
2,Los Angeles
5,Seattle
11,Philadelphia
62,Dallas
21,New York City
13,Houston
227,North Las Vegas
244,Plano
245,Suffolk
13,Houston
9,San Francisco
11,Philadelphia
2,Los Angeles
9,San Francisco
11,Philadelphia
11,Philadelphia
11,Philadelphia
246,Indianapolis
39,Columbus
244,Plano
247,Bayonne
2,Los Angeles
5,Seattle
21,New York City
71,San Diego
221,Glendale
11,Philadelphia
9,San Francisco
13,Houston
23,Chicago
9,San Francisco
21,New York City
21,New York City
23,Chicago
11,Philadelphia
66,Dublin
25,Springfield
116,Fayetteville
62,Dallas
109,Jacksonville
9,San Francisco
71,San Diego
11,Philadelphia
31,Rochester
109,Jacksonville
13,Houston
53,San Antonio
183,Oakland
9,San Francisco
6,Fort Worth
13,Houston
13,Houston
11,Philadelphia
71,San Diego
245,Suffolk
248,Greensboro
62,Dallas
23,Chicago
249,Baltimore
2,Los Angeles
21,New York City
48,Franklin
159,Milwaukee
250,Kenosha
21,New York City
7,Madison
13,Houston
251,Olathe
21,New York City
50,San Jose
62,Dallas
110,Auburn
11,Philadelphia
2,Los Angeles
252,Tulsa
23,Chicago
194,Harrisonburg
47,Newark
2,Los Angeles
5,Seattle
2,Los Angeles
23,Chicago
23,Chicago
253,Redmond
254,Raleigh
204,Macon
139,Cleveland
255,Muskogee
54,Monroe
90,Austin
256,Meriden
186,Roswell
36,Charlotte
257,Bowling Green
53,San Antonio
5,Seattle
177,Washington
2,Los Angeles
258,South Bend
2,Los Angeles
13,Houston
40,Bristol
21,New York City
53,San Antonio
35,Aurora
47,Newark
1,Henderson
11,Philadelphia
5,Seattle
9,San Francisco
259,Spokane
39,Columbus
86,Long Beach
53,San Antonio
2,Los Angeles
109,Jacksonville
21,New York City
11,Philadelphia
260,Keller
9,San Francisco
147,Hialeah
55,Fairfield
102,Huntington Beach
261,Port Orange
262,Medford
263,Charlottesville
264,Missoula
32,Minneapolis
101,Miami
160,Florence
67,Detroit
25,Springfield
246,Indianapolis
265,Apopka
2,Los Angeles
148,Oceanside
2,Los Angeles
13,Houston
186,Roswell
200,Boynton Beach
48,Franklin
67,Detroit
233,Watertown
266,Reading
82,Arlington
71,San Diego
9,San Francisco
2,Los Angeles
61,Denver
5,Seattle
49,Scottsdale
241,Lafayette
9,San Francisco
9,San Francisco
267,Broomfield
95,Quincy
239,Carrollton
21,New York City
25,Springfield
268,Paterson
252,Tulsa
23,Chicago
23,Chicago
123,Montgomery
128,Salem
221,Glendale
39,Columbus
269,Oklahoma City
72,Brentwood
39,Columbus
25,Springfield
11,Philadelphia
25,Springfield
13,Houston
270,Chesapeake
46,Pasadena
104,Louisville
271,Lubbock
30,Columbia
23,Chicago
272,Johnson City
13,Houston
110,Auburn
273,San Bernardino
206,Providence
202,Fresno
5,Seattle
153,Lancaster
274,Leominster
6,Fort Worth
31,Rochester
275,Bozeman
98,Peoria
71,San Diego
81,Lakewood
13,Houston
276,Perth Amboy
11,Philadelphia
103,Richmond
67,Detroit
2,Los Angeles
226,Pomona
11,Philadelphia
277,Ontario
5,Seattle
72,Brentwood
9,San Francisco
249,Baltimore
43,Phoenix
2,Los Angeles
13,Houston
21,New York City
278,Rancho Cucamonga
41,Wilmington
279,Moorhead
169,Farmington
41,Wilmington
26,Jackson
33,Portland
61,Denver
94,Tucson
21,New York City
200,Boynton Beach
280,Mesquite
57,Redlands
31,Rochester
281,Stockton
5,Seattle
282,Ormond Beach
283,Sunnyvale
191,Lansing
11,Philadelphia
11,Philadelphia
11,Philadelphia
19,Dover
21,New York City
11,Philadelphia
56,Grand Prairie
21,New York City
86,Long Beach
11,Philadelphia
284,York
4,Concord
21,New York City
285,College Station
286,Saint Louis
95,Quincy
21,New York City
62,Dallas
2,Los Angeles
32,Minneapolis
208,Deltona
23,Chicago
75,Cincinnati
183,Oakland
287,Manteca
129,Laredo
240,Kent
288,San Angelo
9,San Francisco
13,Houston
13,Houston
289,Salt Lake City
21,New York City
163,Salinas
115,Huntsville
39,Columbus
2,Los Angeles
5,Seattle
290,Knoxville
123,Montgomery
11,Philadelphia
291,Little Rock
5,Seattle
153,Lancaster
40,Bristol
35,Aurora
21,New York City
55,Fairfield
292,Lincoln Park
21,New York City
50,San Jose
109,Jacksonville
9,San Francisco
293,Marion
11,Philadelphia
294,Littleton
90,Austin
21,New York City
9,San Francisco
190,La Porte
23,Chicago
33,Portland
141,Burlington
246,Indianapolis
213,Provo
23,Chicago
2,Los Angeles
11,Philadelphia
46,Pasadena
2,Los Angeles
71,San Diego
9,San Francisco
295,Bangor
9,San Francisco
71,San Diego
21,New York City
82,Arlington
119,Atlanta
54,Monroe
5,Seattle
31,Rochester
101,Miami
5,Seattle
9,San Francisco
2,Los Angeles
296,Southaven
5,Seattle
210,Middletown
297,New Castle
88,Murfreesboro
128,Salem
168,Toledo
2,Los Angeles
5,Seattle
39,Columbus
21,New York City
210,Middletown
21,New York City
298,Midland
39,Columbus
186,Roswell
23,Chicago
13,Houston
21,New York City
98,Peoria
299,Sioux Falls
103,Richmond
5,Seattle
1,Henderson
21,New York City
300,Fort Collins
11,Philadelphia
2,Los Angeles
241,Lafayette
301,Clarksville
55,Fairfield
21,New York City
39,Columbus
132,Warner Robins
48,Franklin
23,Chicago
159,Milwaukee
53,San Antonio
2,Los Angeles
9,San Francisco
21,New York City
39,Columbus
142,Waynesboro
302,Sacramento
184,Clinton
55,Fairfield
100,Warwick
35,Aurora
215,Smyrna
39,Columbus
303,Thousand Oaks
161,Lorain
202,Fresno
71,San Diego
21,New York City
304,Malden
21,New York City
9,San Francisco
160,Florence
25,Springfield
115,Huntsville
2,Los Angeles
9,San Francisco
9,San Francisco
11,Philadelphia
2,Los Angeles
2,Los Angeles
159,Milwaukee
305,Holyoke
306,Albuquerque
307,Sparks
308,Coachella
309,Elmhurst
55,Fairfield
82,Arlington
9,San Francisco
5,Seattle
21,New York City
13,Houston
25,Springfield
169,Farmington
104,Louisville
68,Tampa
310,Passaic
2,Los Angeles
11,Philadelphia
311,North Charleston
50,San Jose
21,New York City
136,Plainfield
5,Seattle
21,New York City
312,Newport News
116,Fayetteville
2,Los Angeles
2,Los Angeles
21,New York City
62,Dallas
5,Seattle
5,Seattle
47,Newark
21,New York City
2,Los Angeles
313,Jamestown
13,Houston
314,Mishawaka
71,San Diego
9,San Francisco
101,Miami
243,Skokie
9,San Francisco
9,San Francisco
13,Houston
2,Los Angeles
269,Oklahoma City
54,Monroe
68,Tampa
23,Chicago
257,Bowling Green
13,Houston
59,Westfield
269,Oklahoma City
13,Houston
3,Fort Lauderdale
291,Little Rock
11,Philadelphia
315,La Quinta
139,Cleveland
9,San Francisco
49,Scottsdale
11,Philadelphia
304,Malden
50,San Jose
43,Phoenix
1,Henderson
30,Columbia
316,Tallahassee
21,New York City
13,Houston
198,Coral Springs
12,Orem
317,Nashville
21,New York City
257,Bowling Green
318,Bellingham
21,New York City
47,Newark
319,Woodstock
239,Carrollton
241,Lafayette
39,Columbus
167,Alexandria
320,Haltom City
21,New York City
2,Los Angeles
321,Wheeling
322,Summerville
39,Columbus
21,New York City
21,New York City
109,Jacksonville
71,San Diego
82,Arlington
2,Los Angeles
2,Los Angeles
9,San Francisco
52,Carlsbad
286,Saint Louis
21,New York City
25,Springfield
252,Tulsa
5,Seattle
116,Fayetteville
2,Los Angeles
21,New York City
323,Hot Springs
35,Aurora
254,Raleigh
252,Tulsa
87,Hesperia
213,Provo
9,San Francisco
24,Gilbert
21,New York City
25,Springfield
27,Memphis
113,Amarillo
2,Los Angeles
91,Lowell
71,San Diego
154,Asheville
207,Pueblo
26,Jackson
2,Los Angeles
223,Thomasville
98,Peoria
2,Los Angeles
23,Chicago
11,Philadelphia
324,Englewood
5,Seattle
147,Hialeah
153,Lancaster
109,Jacksonville
249,Baltimore
21,New York City
52,Carlsbad
2,Los Angeles
109,Jacksonville
81,Lakewood
22,Troy
41,Wilmington
5,Seattle
21,New York City
39,Columbus
21,New York City
117,Costa Mesa
13,Houston
144,Cary
167,Alexandria
133,Vallejo
11,Philadelphia
168,Toledo
5,Seattle
136,Plainfield
325,Las Cruces
47,Newark
326,Hoover
47,Newark
71,San Diego
9,San Francisco
109,Jacksonville
48,Franklin
327,Frisco
316,Tallahassee
5,Seattle
328,Vacaville
2,Los Angeles
9,San Francisco
21,New York City
39,Columbus
209,Murray
9,San Francisco
11,Philadelphia
11,Philadelphia
62,Dallas
329,Waukesha
3,Fort Lauderdale
67,Detroit
25,Springfield
71,San Diego
78,Colorado Springs
330,Bakersfield
331,Pompano Beach
21,New York City
70,Lakeville
67,Detroit
11,Philadelphia
22,Troy
2,Los Angeles
332,Corpus Christi
156,Omaha
333,Redondo Beach
291,Little Rock
101,Miami
128,Salem
325,Las Cruces
9,San Francisco
237,El Paso
5,Seattle
159,Milwaukee
48,Franklin
185,Encinitas
126,Anaheim
82,Arlington
13,Houston
153,Lancaster
33,Portland
326,Hoover
2,Los Angeles
316,Tallahassee
21,New York City
270,Chesapeake
116,Fayetteville
115,Huntsville
11,Philadelphia
319,Woodstock
232,Everett
23,Chicago
186,Roswell
145,Palm Coast
11,Philadelphia
39,Columbus
148,Oceanside
48,Franklin
299,Sioux Falls
71,San Diego
116,Fayetteville
119,Atlanta
334,Orlando
9,San Francisco
168,Toledo
85,Saint Petersburg
94,Tucson
2,Los Angeles
71,San Diego
21,New York City
71,San Diego
59,Westfield
335,Orange
319,Woodstock
9,San Francisco
9,San Francisco
229,Tempe
2,Los Angeles
5,Seattle
336,Lake Charles
31,Rochester
86,Long Beach
36,Charlotte
13,Houston
21,New York City
39,Columbus
23,Chicago
337,Highland Park
5,Seattle
17,Eagan
5,Seattle
198,Coral Springs
338,Hempstead
339,Noblesville
62,Dallas
11,Philadelphia
9,San Francisco
90,Austin
67,Detroit
233,Watertown
39,Columbus
340,Apple Valley
141,Burlington
64,Saginaw
9,San Francisco
5,Seattle
159,Milwaukee
2,Los Angeles
9,San Francisco
71,San Diego
221,Glendale
21,New York City
233,Watertown
25,Springfield
2,Los Angeles
5,Seattle
148,Oceanside
243,Skokie
116,Fayetteville
252,Tulsa
236,Allen
11,Philadelphia
31,Rochester
341,Mount Pleasant
11,Philadelphia
5,Seattle
25,Springfield
39,Columbus
2,Los Angeles
21,New York City
67,Detroit
281,Stockton
43,Phoenix
11,Philadelphia
342,Sterling Heights
31,Rochester
21,New York City
343,Eau Claire
21,New York City
278,Rancho Cucamonga
209,Murray
168,Toledo
104,Louisville
21,New York City
344,Pharr
8,West Jordan
181,Brownsville
21,New York City
11,Philadelphia
345,Billings
270,Chesapeake
346,Gresham
292,Lincoln Park
346,Gresham
11,Philadelphia
54,Monroe
46,Pasadena
347,Chattanooga
86,Long Beach
22,Troy
32,Minneapolis
5,Seattle
39,Columbus
348,Meridian
67,Detroit
23,Chicago
9,San Francisco
47,Newark
62,Dallas
47,Newark
306,Albuquerque
168,Toledo
47,Newark
2,Los Angeles
2,Los Angeles
62,Dallas
71,San Diego
340,Apple Valley
104,Louisville
21,New York City
13,Houston
1,Henderson
47,Newark
349,Bolingbrook
6,Fort Worth
21,New York City
206,Providence
39,Columbus
21,New York City
13,Houston
35,Aurora
25,Springfield
5,Seattle
122,Lakeland
11,Philadelphia
21,New York City
2,Los Angeles
148,Oceanside
62,Dallas
21,New York City
53,San Antonio
75,Cincinnati
90,Austin
5,Seattle
2,Los Angeles
21,New York City
5,Seattle
47,Newark
350,Maple Grove
221,Glendale
21,New York City
109,Jacksonville
13,Houston
9,San Francisco
191,Lansing
316,Tallahassee
30,Columbia
23,Chicago
67,Detroit
300,Fort Collins
21,New York City
21,New York City
30,Columbia
13,Houston
91,Lowell
351,Woodland
23,Chicago
21,New York City
352,Missouri City
13,Houston
26,Jackson
21,New York City
229,Tempe
109,Jacksonville
11,Philadelphia
60,Akron
71,San Diego
202,Fresno
353,Pearland
103,Richmond
11,Philadelphia
354,San Mateo
183,Oakland
21,New York City
81,Lakewood
229,Tempe
21,New York City
21,New York City
13,Houston
170,Riverside
55,Fairfield
21,New York City
13,Houston
82,Arlington
23,Chicago
56,Grand Prairie
5,Seattle
5,Seattle
355,Grand Rapids
11,Philadelphia
23,Chicago
5,Seattle
109,Jacksonville
48,Franklin
337,Highland Park
46,Pasadena
9,San Francisco
101,Miami
11,Philadelphia
28,Decatur
299,Sioux Falls
356,Visalia
2,Los Angeles
2,Los Angeles
357,Overland Park
167,Alexandria
254,Raleigh
21,New York City
55,Fairfield
255,Muskogee
358,Temecula
342,Sterling Heights
71,San Diego
62,Dallas
21,New York City
43,Phoenix
9,San Francisco
11,Philadelphia
129,Laredo
21,New York City
21,New York City
201,Gulfport
71,San Diego
148,Oceanside
172,Round Rock
57,Redlands
30,Columbia
21,New York City
13,Houston
23,Chicago
183,Oakland
95,Quincy
359,Yucaipa
23,Chicago
5,Seattle
21,New York City
71,San Diego
40,Bristol
23,Chicago
23,Chicago
21,New York City
360,Revere
13,Houston
134,Mission Viejo
62,Dallas
99,Las Vegas
111,Norman
9,San Francisco
338,Hempstead
361,Conroe
13,Houston
11,Philadelphia
68,Tampa
21,New York City
36,Charlotte
62,Dallas
5,Seattle
46,Pasadena
11,Philadelphia
246,Indianapolis
103,Richmond
362,Tinley Park
13,Houston
2,Los Angeles
39,Columbus
39,Columbus
9,San Francisco
7,Madison
35,Aurora
21,New York City
2,Los Angeles
363,Dubuque
153,Lancaster
76,Inglewood
235,Bellevue
23,Chicago
62,Dallas
9,San Francisco
21,New York City
21,New York City
11,Philadelphia
47,Newark
21,New York City
110,Auburn
2,Los Angeles
9,San Francisco
254,Raleigh
204,Macon
317,Nashville
317,Nashville
11,Philadelphia
62,Dallas
276,Perth Amboy
109,Jacksonville
109,Jacksonville
360,Revere
26,Jackson
109,Jacksonville
9,San Francisco
39,Columbus
364,Dearborn Heights
357,Overland Park
365,Santa Fe
9,San Francisco
217,Mobile
25,Springfield
47,Newark
366,Hickory
3,Fort Lauderdale
367,Carol Stream
368,Saint Cloud
2,Los Angeles
217,Mobile
90,Austin
21,New York City
244,Plano
23,Chicago
26,Jackson
116,Fayetteville
35,Aurora
302,Sacramento
97,Des Moines
71,San Diego
62,Dallas
26,Jackson
71,San Diego
334,Orlando
241,Lafayette
21,New York City
2,Los Angeles
21,New York City
1,Henderson
39,Columbus
285,College Station
103,Richmond
23,Chicago
11,Philadelphia
2,Los Angeles
2,Los Angeles
9,San Francisco
60,Akron
2,Los Angeles
45,Independence
62,Dallas
5,Seattle
280,Mesquite
86,Long Beach
369,North Miami
330,Bakersfield
26,Jackson
10,Fremont
26,Jackson
9,San Francisco
153,Lancaster
241,Lafayette
103,Richmond
13,Houston
21,New York City
168,Toledo
11,Philadelphia
11,Philadelphia
61,Denver
11,Philadelphia
30,Columbia
21,New York City
21,New York City
47,Newark
62,Dallas
11,Philadelphia
53,San Antonio
11,Philadelphia
2,Los Angeles
215,Smyrna
204,Macon
9,San Francisco
5,Seattle
39,Columbus
2,Los Angeles
25,Springfield
2,Los Angeles
2,Los Angeles
27,Memphis
67,Detroit
105,Lawrence
109,Jacksonville
66,Dublin
370,Plantation
221,Glendale
26,Jackson
95,Quincy
128,Salem
22,Troy
11,Philadelphia
71,San Diego
184,Clinton
170,Riverside
371,Port Saint Lucie
124,Mesa
61,Denver
25,Springfield
5,Seattle
229,Tempe
182,Yonkers
31,Rochester
168,Toledo
28,Decatur
62,Dallas
280,Mesquite
2,Los Angeles
5,Seattle
176,Olympia
156,Omaha
39,Columbus
39,Columbus
26,Jackson
13,Houston
43,Phoenix
23,Chicago
61,Denver
47,Newark
184,Clinton
21,New York City
47,Newark
26,Jackson
21,New York City
372,Rock Hill
39,Columbus
76,Inglewood
373,Odessa
47,Newark
2,Los Angeles
232,Everett
374,West Allis
23,Chicago
13,Houston
13,Houston
147,Hialeah
9,San Francisco
11,Philadelphia
30,Columbia
101,Miami
375,Chula Vista
101,Miami
21,New York City
376,Manhattan
11,Philadelphia
27,Memphis
3,Fort Lauderdale
39,Columbus
2,Los Angeles
13,Houston
156,Omaha
2,Los Angeles
377,Altoona
21,New York City
71,San Diego
101,Miami
248,Greensboro
109,Jacksonville
370,Plantation
159,Milwaukee
95,Quincy
109,Jacksonville
217,Mobile
21,New York City
21,New York City
62,Dallas
67,Detroit
19,Dover
39,Columbus
221,Glendale
227,North Las Vegas
40,Bristol
2,Los Angeles
106,Canton
116,Fayetteville
25,Springfield
95,Quincy
180,Rockford
9,San Francisco
53,San Antonio
378,Thornton
23,Chicago
182,Yonkers
71,San Diego
379,Champaign
9,San Francisco
105,Lawrence
71,San Diego
272,Johnson City
68,Tampa
28,Decatur
24,Gilbert
290,Knoxville
23,Chicago
42,Bloomington
186,Roswell
2,Los Angeles
13,Houston
349,Bolingbrook
380,Texarkana
53,San Antonio
381,Edinburg
168,Toledo
382,Baytown
11,Philadelphia
2,Los Angeles
11,Philadelphia
353,Pearland
21,New York City
43,Phoenix
270,Chesapeake
23,Chicago
23,Chicago
5,Seattle
93,Harlingen
11,Philadelphia
330,Bakersfield
56,Grand Prairie
383,Greenwood
21,New York City
27,Memphis
199,Buffalo
2,Los Angeles
189,Homestead
46,Pasadena
211,Freeport
61,Denver
95,Quincy
67,Detroit
9,San Francisco
317,Nashville
67,Detroit
2,Los Angeles
11,Philadelphia
154,Asheville
21,New York City
78,Colorado Springs
53,San Antonio
2,Los Angeles
342,Sterling Heights
21,New York City
103,Richmond
5,Seattle
21,New York City
5,Seattle
2,Los Angeles
81,Lakewood
136,Plainfield
30,Columbia
384,Woonsocket
153,Lancaster
68,Tampa
250,Kenosha
371,Port Saint Lucie
5,Seattle
53,San Antonio
186,Roswell
104,Louisville
2,Los Angeles
11,Philadelphia
385,Superior
119,Atlanta
143,Chester
9,San Francisco
386,Bedford
241,Lafayette
387,Covington
161,Lorain
23,Chicago
9,San Francisco
9,San Francisco
13,Houston
23,Chicago
21,New York City
21,New York City
11,Philadelphia
23,Chicago
183,Oakland
23,Chicago
5,Seattle
11,Philadelphia
4,Concord
36,Charlotte
62,Dallas
246,Indianapolis
388,Broken Arrow
389,Miramar
156,Omaha
109,Jacksonville
242,Tigard
28,Decatur
43,Phoenix
302,Sacramento
187,Jonesboro
21,New York City
60,Akron
160,Florence
32,Minneapolis
13,Houston
10,Fremont
71,San Diego
13,Houston
21,New York City
67,Detroit
13,Houston
5,Seattle
2,Los Angeles
11,Philadelphia
5,Seattle
233,Watertown
109,Jacksonville
82,Arlington
36,Charlotte
5,Seattle
23,Chicago
390,Hollywood
270,Chesapeake
2,Los Angeles
167,Alexandria
391,Deer Park
11,Philadelphia
392,Wichita
298,Midland
9,San Francisco
211,Freeport
90,Austin
11,Philadelphia
40,Bristol
11,Philadelphia
23,Chicago
39,Columbus
21,New York City
19,Dover
35,Aurora
86,Long Beach
46,Pasadena
124,Mesa
202,Fresno
30,Columbia
158,Santa Ana
30,Columbia
2,Los Angeles
9,San Francisco
13,Houston
21,New York City
48,Franklin
249,Baltimore
393,Mcallen
394,Iowa City
47,Newark
13,Houston
395,Boise
71,San Diego
2,Los Angeles
21,New York City
11,Philadelphia
21,New York City
396,Cranston
23,Chicago
103,Richmond
314,Mishawaka
146,Mount Vernon
2,Los Angeles
9,San Francisco
5,Seattle
95,Quincy
23,Chicago
38,Urbandale
5,Seattle
103,Richmond
62,Dallas
11,Philadelphia
180,Rockford
11,Philadelphia
5,Seattle
355,Grand Rapids
2,Los Angeles
25,Springfield
2,Los Angeles
249,Baltimore
55,Fairfield
21,New York City
122,Lakeland
211,Freeport
262,Medford
5,Seattle
21,New York City
55,Fairfield
279,Moorhead
39,Columbus
11,Philadelphia
13,Houston
5,Seattle
26,Jackson
249,Baltimore
209,Murray
5,Seattle
62,Dallas
5,Seattle
81,Lakewood
21,New York City
246,Indianapolis
397,Port Arthur
317,Nashville
13,Houston
2,Los Angeles
11,Philadelphia
253,Redmond
398,Citrus Heights
2,Los Angeles
316,Tallahassee
81,Lakewood
399,The Colony
5,Seattle
2,Los Angeles
2,Los Angeles
86,Long Beach
2,Los Angeles
9,San Francisco
103,Richmond
306,Albuquerque
60,Akron
136,Plainfield
21,New York City
147,Hialeah
253,Redmond
400,Daytona Beach
401,Bullhead City
2,Los Angeles
48,Franklin
402,Portage
82,Arlington
9,San Francisco
107,New Rochelle
124,Mesa
153,Lancaster
281,Stockton
154,Asheville
301,Clarksville
35,Aurora
100,Warwick
241,Lafayette
403,Fargo
23,Chicago
105,Lawrence
404,Elkhart
240,Kent
405,San Gabriel
1,Henderson
9,San Francisco
337,Highland Park
9,San Francisco
21,New York City
62,Dallas
25,Springfield
71,San Diego
11,Philadelphia
30,Columbia
78,Colorado Springs
21,New York City
11,Philadelphia
39,Columbus
2,Los Angeles
21,New York City
105,Lawrence
9,San Francisco
67,Detroit
58,Hamilton
39,Columbus
23,Chicago
406,Margate
407,Sandy Springs
306,Albuquerque
252,Tulsa
335,Orange
1,Henderson
23,Chicago
397,Port Arthur
18,Westland
42,Bloomington
2,Los Angeles
9,San Francisco
9,San Francisco
50,San Jose
61,Denver
35,Aurora
395,Boise
21,New York City
11,Philadelphia
408,Mentor
409,Lawton
21,New York City
2,Los Angeles
13,Houston
2,Los Angeles
39,Columbus
2,Los Angeles
11,Philadelphia
9,San Francisco
330,Bakersfield
13,Houston
2,Los Angeles
2,Los Angeles
25,Springfield
43,Phoenix
13,Houston
410,Hampton
252,Tulsa
5,Seattle
9,San Francisco
109,Jacksonville
103,Richmond
104,Louisville
21,New York City
411,Rome
293,Marion
13,Houston
21,New York City
287,Manteca
2,Los Angeles
5,Seattle
206,Providence
23,Chicago
269,Oklahoma City
23,Chicago
92,Manchester
2,Los Angeles
9,San Francisco
412,La Crosse
160,Florence
221,Glendale
237,El Paso
53,San Antonio
2,Los Angeles
389,Miramar
124,Mesa
116,Fayetteville
13,Houston
50,San Jose
392,Wichita
2,Los Angeles
26,Jackson
413,Lewiston
410,Hampton
21,New York City
414,Hattiesburg
11,Philadelphia
11,Philadelphia
2,Los Angeles
415,Danville
2,Los Angeles
177,Washington
159,Milwaukee
249,Baltimore
109,Jacksonville
31,Rochester
148,Oceanside
201,Gulfport
109,Jacksonville
13,Houston
13,Houston
232,Everett
2,Los Angeles
41,Wilmington
30,Columbia
21,New York City
341,Mount Pleasant
9,San Francisco
9,San Francisco
9,San Francisco
2,Los Angeles
312,Newport News
300,Fort Collins
5,Seattle
21,New York City
103,Richmond
21,New York City
5,Seattle
9,San Francisco
276,Perth Amboy
9,San Francisco
211,Freeport
11,Philadelphia
109,Jacksonville
96,Pembroke Pines
5,Seattle
6,Fort Worth
67,Detroit
11,Philadelphia
416,Logan
110,Auburn
254,Raleigh
11,Philadelphia
103,Richmond
153,Lancaster
94,Tucson
67,Detroit
90,Austin
13,Houston
417,Waterbury
2,Los Angeles
11,Philadelphia
115,Huntsville
33,Portland
104,Louisville
5,Seattle
249,Baltimore
9,San Francisco
2,Los Angeles
35,Aurora
5,Seattle
418,Athens
265,Apopka
21,New York City
9,San Francisco
62,Dallas
71,San Diego
21,New York City
413,Lewiston
86,Long Beach
5,Seattle
31,Rochester
9,San Francisco
5,Seattle
259,Spokane
48,Franklin
26,Jackson
90,Austin
96,Pembroke Pines
11,Philadelphia
415,Danville
21,New York City
39,Columbus
375,Chula Vista
9,San Francisco
21,New York City
53,San Antonio
109,Jacksonville
9,San Francisco
419,Avondale
23,Chicago
195,Escondido
86,Long Beach
47,Newark
199,Buffalo
13,Houston
392,Wichita
78,Colorado Springs
21,New York City
2,Los Angeles
420,Marietta
109,Jacksonville
11,Philadelphia
2,Los Angeles
11,Philadelphia
343,Eau Claire
11,Philadelphia
2,Los Angeles
11,Philadelphia
166,Norwich
53,San Antonio
421,Yuma
39,Columbus
2,Los Angeles
103,Richmond
21,New York City
422,Wausau
9,San Francisco
66,Dublin
1,Henderson
257,Bowling Green
27,Memphis
81,Lakewood
2,Los Angeles
31,Rochester
128,Salem
423,Pasco
183,Oakland
2,Los Angeles
424,Oak Park
74,Morristown
90,Austin
21,New York City
21,New York City
5,Seattle
153,Lancaster
13,Houston
39,Columbus
29,Durham
425,Pensacola
1,Henderson
126,Anaheim
67,Detroit
420,Marietta
5,Seattle
216,Parma
346,Gresham
126,Anaheim
21,New York City
13,Houston
4,Concord
55,Fairfield
272,Johnson City
5,Seattle
426,League City
427,Gaithersburg
23,Chicago
115,Huntsville
105,Lawrence
23,Chicago
55,Fairfield
21,New York City
5,Seattle
35,Aurora
428,Lehi
429,Tuscaloosa
9,San Francisco
41,Wilmington
241,Lafayette
333,Redondo Beach
5,Seattle
2,Los Angeles
21,New York City
196,Royal Oak
9,San Francisco
21,New York City
227,North Las Vegas
239,Carrollton
2,Los Angeles
5,Seattle
3,Fort Lauderdale
30,Columbia
206,Providence
109,Jacksonville
148,Oceanside
109,Jacksonville
21,New York City
23,Chicago
102,Huntington Beach
71,San Diego
317,Nashville
21,New York City
78,Colorado Springs
9,San Francisco
23,Chicago
27,Memphis
21,New York City
254,Raleigh
2,Los Angeles
2,Los Angeles
312,Newport News
2,Los Angeles
26,Jackson
103,Richmond
21,New York City
11,Philadelphia
43,Phoenix
139,Cleveland
168,Toledo
2,Los Angeles
21,New York City
71,San Diego
269,Oklahoma City
23,Chicago
9,San Francisco
220,Vineland
159,Milwaukee
5,Seattle
15,Naperville
41,Wilmington
2,Los Angeles
23,Chicago
97,Des Moines
11,Philadelphia
119,Atlanta
62,Dallas
430,Moreno Valley
11,Philadelphia
431,Georgetown
32,Minneapolis
41,Wilmington
141,Burlington
2,Los Angeles
150,Trenton
9,San Francisco
2,Los Angeles
13,Houston
159,Milwaukee
9,San Francisco
139,Cleveland
54,Monroe
91,Lowell
62,Dallas
11,Philadelphia
432,Loveland
432,Loveland
384,Woonsocket
23,Chicago
330,Bakersfield
62,Dallas
11,Philadelphia
208,Deltona
39,Columbus
317,Nashville
11,Philadelphia
23,Chicago
62,Dallas
52,Carlsbad
11,Philadelphia
21,New York City
148,Oceanside
241,Lafayette
21,New York City
126,Anaheim
208,Deltona
21,New York City
5,Seattle
71,San Diego
269,Oklahoma City
146,Mount Vernon
9,San Francisco
21,New York City
2,Los Angeles
433,Chandler
86,Long Beach
9,San Francisco
434,Helena
21,New York City
435,Kirkwood
23,Chicago
98,Peoria
5,Seattle
80,Taylor
46,Pasadena
298,Midland
67,Detroit
207,Pueblo
436,Waco
9,San Francisco
21,New York City
2,Los Angeles
384,Woonsocket
39,Columbus
109,Jacksonville
11,Philadelphia
39,Columbus
46,Pasadena
9,San Francisco
30,Columbia
240,Kent
172,Round Rock
183,Oakland
110,Auburn
47,Newark
21,New York City
57,Redlands
44,Roseville
2,Los Angeles
21,New York City
67,Detroit
67,Detroit
25,Springfield
2,Los Angeles
21,New York City
9,San Francisco
202,Fresno
380,Texarkana
9,San Francisco
246,Indianapolis
30,Columbia
50,San Jose
5,Seattle
239,Carrollton
82,Arlington
2,Los Angeles
437,Frankfort
5,Seattle
11,Philadelphia
39,Columbus
174,Virginia Beach
97,Des Moines
438,Bethlehem
269,Oklahoma City
278,Rancho Cucamonga
2,Los Angeles
11,Philadelphia
13,Houston
5,Seattle
182,Yonkers
9,San Francisco
2,Los Angeles
101,Miami
141,Burlington
116,Fayetteville
373,Odessa
174,Virginia Beach
159,Milwaukee
67,Detroit
31,Rochester
5,Seattle
104,Louisville
9,San Francisco
13,Houston
101,Miami
65,Medina
44,Roseville
13,Houston
182,Yonkers
71,San Diego
25,Springfield
28,Decatur
165,Garland
148,Oceanside
13,Houston
203,Greenville
9,San Francisco
248,Greensboro
290,Knoxville
439,Grand Island
81,Lakewood
105,Lawrence
2,Los Angeles
13,Houston
21,New York City
21,New York City
47,Newark
5,Seattle
49,Scottsdale
148,Oceanside
62,Dallas
31,Rochester
2,Los Angeles
440,Woodbury
112,Park Ridge
62,Dallas
54,Monroe
2,Los Angeles
9,San Francisco
9,San Francisco
116,Fayetteville
62,Dallas
392,Wichita
25,Springfield
13,Houston
5,Seattle
60,Akron
424,Oak Park
13,Houston
5,Seattle
11,Philadelphia
2,Los Angeles
13,Houston
11,Philadelphia
441,Rogers
2,Los Angeles
5,Seattle
41,Wilmington
213,Provo
9,San Francisco
2,Los Angeles
153,Lancaster
2,Los Angeles
5,Seattle
21,New York City
2,Los Angeles
9,San Francisco
442,Clovis
392,Wichita
23,Chicago
156,Omaha
13,Houston
11,Philadelphia
2,Los Angeles
103,Richmond
417,Waterbury
2,Los Angeles
2,Los Angeles
9,San Francisco
85,Saint Petersburg
81,Lakewood
433,Chandler
2,Los Angeles
145,Palm Coast
21,New York City
443,Jupiter
221,Glendale
21,New York City
13,Houston
21,New York City
251,Olathe
307,Sparks
180,Rockford
11,Philadelphia
157,Edmonds
9,San Francisco
154,Asheville
2,Los Angeles
49,Scottsdale
13,Houston
9,San Francisco
71,San Diego
58,Hamilton
118,Parker
10,Fremont
350,Maple Grove
47,Newark
101,Miami
71,San Diego
101,Miami
101,Miami
53,San Antonio
109,Jacksonville
13,Houston
9,San Francisco
11,Philadelphia
293,Marion
21,New York City
11,Philadelphia
2,Los Angeles
215,Smyrna
9,San Francisco
23,Chicago
262,Medford
21,New York City
115,Huntsville
11,Philadelphia
69,Santa Clara
86,Long Beach
2,Los Angeles
444,Santa Barbara
21,New York City
109,Jacksonville
445,Cedar Hill
156,Omaha
291,Little Rock
446,Norfolk
23,Chicago
94,Tucson
4,Concord
447,Draper
9,San Francisco
13,Houston
123,Montgomery
26,Jackson
227,North Las Vegas
119,Atlanta
23,Chicago
39,Columbus
46,Pasadena
2,Los Angeles
184,Clinton
21,New York City
71,San Diego
21,New York City
153,Lancaster
121,Great Falls
9,San Francisco
81,Lakewood
139,Cleveland
105,Lawrence
4,Concord
249,Baltimore
39,Columbus
13,Houston
21,New York City
248,Greensboro
21,New York City
9,San Francisco
54,Monroe
75,Cincinnati
5,Seattle
21,New York City
21,New York City
27,Memphis
71,San Diego
412,La Crosse
2,Los Angeles
5,Seattle
101,Miami
11,Philadelphia
270,Chesapeake
21,New York City
448,Ann Arbor
449,La Mesa
131,Dearborn
71,San Diego
81,Lakewood
256,Meriden
39,Columbus
186,Roswell
5,Seattle
74,Morristown
167,Alexandria
289,Salt Lake City
340,Apple Valley
21,New York City
86,Long Beach
128,Salem
35,Aurora
47,Newark
5,Seattle
450,Pocatello
62,Dallas
5,Seattle
5,Seattle
23,Chicago
451,Holland
388,Broken Arrow
418,Athens
5,Seattle
265,Apopka
13,Houston
249,Baltimore
9,San Francisco
23,Chicago
129,Laredo
9,San Francisco
139,Cleveland
293,Marion
55,Fairfield
21,New York City
21,New York City
23,Chicago
21,New York City
103,Richmond
448,Ann Arbor
241,Lafayette
25,Springfield
9,San Francisco
23,Chicago
21,New York City
13,Houston
7,Madison
452,Milford
21,New York City
2,Los Angeles
9,San Francisco
55,Fairfield
203,Greenville
86,Long Beach
453,Buffalo Grove
71,San Diego
103,Richmond
25,Springfield
6,Fort Worth
254,Raleigh
147,Hialeah
2,Los Angeles
454,Lake Forest
86,Long Beach
5,Seattle
455,Redding
53,San Antonio
13,Houston
274,Leominster
2,Los Angeles
25,Springfield
436,Waco
2,Los Angeles
110,Auburn
9,San Francisco
2,Los Angeles
2,Los Angeles
456,Chico
25,Springfield
109,Jacksonville
330,Bakersfield
21,New York City
23,Chicago
237,El Paso
303,Thousand Oaks
25,Springfield
62,Dallas
290,Knoxville
347,Chattanooga
71,San Diego
21,New York City
68,Tampa
457,Utica
9,San Francisco
39,Columbus
21,New York City
103,Richmond
71,San Diego
4,Concord
101,Miami
2,Los Angeles
5,Seattle
82,Arlington
71,San Diego
44,Roseville
174,Virginia Beach
62,Dallas
4,Concord
458,Conway
11,Philadelphia
291,Little Rock
256,Meriden
11,Philadelphia
459,Cheyenne
126,Anaheim
42,Bloomington
39,Columbus
187,Jonesboro
11,Philadelphia
105,Lawrence
21,New York City
71,San Diego
9,San Francisco
9,San Francisco
396,Cranston
460,Owensboro
249,Baltimore
23,Chicago
119,Atlanta
2,Los Angeles
2,Los Angeles
103,Richmond
9,San Francisco
9,San Francisco
59,Westfield
9,San Francisco
50,San Jose
5,Seattle
460,Owensboro
21,New York City
21,New York City
25,Springfield
318,Bellingham
28,Decatur
116,Fayetteville
11,Philadelphia
5,Seattle
244,Plano
2,Los Angeles
2,Los Angeles
2,Los Angeles
97,Des Moines
296,Southaven
13,Houston
21,New York City
266,Reading
9,San Francisco
2,Los Angeles
2,Los Angeles
9,San Francisco
21,New York City
71,San Diego
21,New York City
21,New York City
36,Charlotte
357,Overland Park
124,Mesa
252,Tulsa
21,New York City
11,Philadelphia
414,Hattiesburg
2,Los Angeles
39,Columbus
461,Caldwell
43,Phoenix
101,Miami
2,Los Angeles
22,Troy
218,New Bedford
160,Florence
2,Los Angeles
2,Los Angeles
2,Los Angeles
39,Columbus
462,Kenner
445,Cedar Hill
206,Providence
153,Lancaster
5,Seattle
109,Jacksonville
2,Los Angeles
101,Miami
463,Nashua
21,New York City
2,Los Angeles
239,Carrollton
431,Georgetown
2,Los Angeles
137,Sierra Vista
290,Knoxville
94,Tucson
32,Minneapolis
101,Miami
13,Houston
159,Milwaukee
153,Lancaster
381,Edinburg
21,New York City
11,Philadelphia
31,Rochester
71,San Diego
11,Philadelphia
464,Bartlett
81,Lakewood
11,Philadelphia
90,Austin
2,Los Angeles
21,New York City
13,Houston
271,Lubbock
13,Houston
117,Costa Mesa
186,Roswell
432,Loveland
21,New York City
11,Philadelphia
101,Miami
56,Grand Prairie
23,Chicago
216,Parma
465,Redwood City
21,New York City
25,Springfield
23,Chicago
386,Bedford
2,Los Angeles
21,New York City
9,San Francisco
174,Virginia Beach
21,New York City
466,Lebanon
2,Los Angeles
375,Chula Vista
393,Mcallen
390,Hollywood
9,San Francisco
467,Santa Maria
92,Manchester
156,Omaha
50,San Jose
9,San Francisco
9,San Francisco
86,Long Beach
39,Columbus
9,San Francisco
2,Los Angeles
11,Philadelphia
252,Tulsa
2,Los Angeles
122,Lakeland
13,Houston
2,Los Angeles
25,Springfield
21,New York City
25,Springfield
30,Columbia
33,Portland
11,Philadelphia
21,New York City
468,Des Plaines
21,New York City
5,Seattle
13,Houston
11,Philadelphia
39,Columbus
149,Evanston
340,Apple Valley
39,Columbus
293,Marion
13,Houston
293,Marion
5,Seattle
469,Longview
333,Redondo Beach
21,New York City
104,Louisville
150,Trenton
2,Los Angeles
470,Hendersonville
33,Portland
219,Irving
139,Cleveland
471,Waterloo
5,Seattle
11,Philadelphia
21,New York City
50,San Jose
2,Los Angeles
4,Concord
30,Columbia
235,Bellevue
5,Seattle
39,Columbus
23,Chicago
420,Marietta
123,Montgomery
244,Plano
77,Tamarac
39,Columbus
21,New York City
103,Richmond
5,Seattle
86,Long Beach
180,Rockford
39,Columbus
252,Tulsa
317,Nashville
472,Cambridge
183,Oakland
473,Palatine
5,Seattle
75,Cincinnati
293,Marion
2,Los Angeles
81,Lakewood
466,Lebanon
9,San Francisco
456,Chico
128,Salem
2,Los Angeles
21,New York City
474,Beverly
71,San Diego
9,San Francisco
23,Chicago
62,Dallas
332,Corpus Christi
21,New York City
475,Eugene
476,Oxnard
55,Fairfield
26,Jackson
230,Laguna Niguel
109,Jacksonville
146,Mount Vernon
298,Midland
47,Newark
9,San Francisco
18,Westland
21,New York City
2,Los Angeles
21,New York City
153,Lancaster
47,Newark
21,New York City
9,San Francisco
62,Dallas
101,Miami
11,Philadelphia
21,New York City
11,Philadelphia
5,Seattle
2,Los Angeles
25,Springfield
477,Renton
21,New York City
50,San Jose
56,Grand Prairie
21,New York City
21,New York City
27,Memphis
11,Philadelphia
2,Los Angeles
417,Waterbury
433,Chandler
25,Springfield
90,Austin
67,Detroit
25,Springfield
21,New York City
62,Dallas
4,Concord
241,Lafayette
254,Raleigh
259,Spokane
13,Houston
104,Louisville
390,Hollywood
433,Chandler
11,Philadelphia
252,Tulsa
447,Draper
183,Oakland
105,Lawrence
11,Philadelphia
109,Jacksonville
23,Chicago
450,Pocatello
244,Plano
21,New York City
21,New York City
23,Chicago
13,Houston
256,Meriden
478,Glenview
13,Houston
9,San Francisco
21,New York City
249,Baltimore
104,Louisville
466,Lebanon
2,Los Angeles
206,Providence
67,Detroit
13,Houston
30,Columbia
11,Philadelphia
96,Pembroke Pines
21,New York City
109,Jacksonville
21,New York City
11,Philadelphia
334,Orlando
13,Houston
104,Louisville
65,Medina
21,New York City
23,Chicago
11,Philadelphia
21,New York City
9,San Francisco
9,San Francisco
26,Jackson
11,Philadelphia
100,Warwick
21,New York City
237,El Paso
31,Rochester
199,Buffalo
290,Knoxville
47,Newark
5,Seattle
139,Cleveland
309,Elmhurst
70,Lakeville
21,New York City
2,Los Angeles
23,Chicago
199,Buffalo
44,Roseville
82,Arlington
105,Lawrence
436,Waco
13,Houston
5,Seattle
136,Plainfield
2,Los Angeles
82,Arlington
5,Seattle
5,Seattle
157,Edmonds
128,Salem
479,Delray Beach
9,San Francisco
21,New York City
246,Indianapolis
39,Columbus
109,Jacksonville
184,Clinton
480,Commerce City
158,Santa Ana
184,Clinton
2,Los Angeles
104,Louisville
2,Los Angeles
25,Springfield
9,San Francisco
481,Texas City
21,New York City
235,Bellevue
21,New York City
482,Wilson
5,Seattle
25,Springfield
9,San Francisco
36,Charlotte
21,New York City
161,Lorain
246,Indianapolis
253,Redmond
25,Springfield
82,Arlington
24,Gilbert
105,Lawrence
174,Virginia Beach
219,Irving
220,Vineland
39,Columbus
2,Los Angeles
71,San Diego
263,Charlottesville
105,Lawrence
43,Phoenix
256,Meriden
48,Franklin
2,Los Angeles
42,Bloomington
2,Los Angeles
9,San Francisco
13,Houston
159,Milwaukee
336,Lake Charles
249,Baltimore
48,Franklin
21,New York City
71,San Diego
482,Wilson
86,Long Beach
3,Fort Lauderdale
249,Baltimore
483,Rio Rancho
281,Stockton
39,Columbus
243,Skokie
323,Hot Springs
484,Goldsboro
2,Los Angeles
463,Nashua
5,Seattle
103,Richmond
101,Miami
215,Smyrna
35,Aurora
101,Miami
9,San Francisco
23,Chicago
2,Los Angeles
19,Dover
66,Dublin
21,New York City
21,New York City
268,Paterson
81,Lakewood
248,Greensboro
21,New York City
21,New York City
23,Chicago
23,Chicago
81,Lakewood
39,Columbus
43,Phoenix
2,Los Angeles
21,New York City
53,San Antonio
21,New York City
249,Baltimore
11,Philadelphia
119,Atlanta
29,Durham
44,Roseville
302,Sacramento
55,Fairfield
23,Chicago
13,Houston
43,Phoenix
226,Pomona
119,Atlanta
232,Everett
13,Houston
11,Philadelphia
5,Seattle
98,Peoria
2,Los Angeles
123,Montgomery
241,Lafayette
21,New York City
21,New York City
23,Chicago
158,Santa Ana
485,Montebello
303,Thousand Oaks
220,Vineland
171,Torrance
22,Troy
25,Springfield
486,El Cajon
2,Los Angeles
43,Phoenix
437,Frankfort
2,Los Angeles
48,Franklin
291,Little Rock
2,Los Angeles
53,San Antonio
2,Los Angeles
23,Chicago
5,Seattle
487,Beaumont
270,Chesapeake
62,Dallas
5,Seattle
32,Minneapolis
25,Springfield
2,Los Angeles
39,Columbus
81,Lakewood
15,Naperville
21,New York City
102,Huntington Beach
23,Chicago
72,Brentwood
150,Trenton
5,Seattle
311,North Charleston
39,Columbus
5,Seattle
9,San Francisco
2,Los Angeles
488,West Palm Beach
23,Chicago
302,Sacramento
5,Seattle
11,Philadelphia
444,Santa Barbara
21,New York City
110,Auburn
21,New York City
2,Los Angeles
9,San Francisco
11,Philadelphia
237,El Paso
23,Chicago
237,El Paso
5,Seattle
21,New York City
2,Los Angeles
47,Newark
21,New York City
44,Roseville
35,Aurora
21,New York City
62,Dallas
2,Los Angeles
2,Los Angeles
39,Columbus
9,San Francisco
170,Riverside
30,Columbia
21,New York City
469,Longview
43,Phoenix
13,Houston
24,Gilbert
187,Jonesboro
119,Atlanta
2,Los Angeles
21,New York City
67,Detroit
3,Fort Lauderdale
489,Abilene
410,Hampton
99,Las Vegas
180,Rockford
230,Laguna Niguel
104,Louisville
490,Normal
2,Los Angeles
397,Port Arthur
21,New York City
23,Chicago
25,Springfield
21,New York City
163,Salinas
103,Richmond
21,New York City
61,Denver
21,New York City
21,New York City
10,Fremont
21,New York City
71,San Diego
122,Lakeland
215,Smyrna
21,New York City
11,Philadelphia
62,Dallas
4,Concord
317,Nashville
35,Aurora
126,Anaheim
214,Pleasant Grove
25,Springfield
128,Salem
31,Rochester
2,Los Angeles
2,Los Angeles
62,Dallas
202,Fresno
23,Chicago
393,Mcallen
5,Seattle
36,Charlotte
4,Concord
143,Chester
2,Los Angeles
307,Sparks
2,Los Angeles
1,Henderson
28,Decatur
21,New York City
21,New York City
21,New York City
49,Scottsdale
113,Amarillo
11,Philadelphia
158,Santa Ana
47,Newark
21,New York City
1,Henderson
5,Seattle
21,New York City
5,Seattle
215,Smyrna
5,Seattle
21,New York City
119,Atlanta
47,Newark
317,Nashville
103,Richmond
101,Miami
491,Saint Charles
174,Virginia Beach
11,Philadelphia
86,Long Beach
13,Houston
429,Tuscaloosa
124,Mesa
109,Jacksonville
23,Chicago
39,Columbus
335,Orange
2,Los Angeles
23,Chicago
103,Richmond
22,Troy
206,Providence
9,San Francisco
21,New York City
9,San Francisco
13,Houston
11,Philadelphia
249,Baltimore
418,Athens
153,Lancaster
2,Los Angeles
249,Baltimore
13,Houston
71,San Diego
147,Hialeah
119,Atlanta
5,Seattle
2,Los Angeles
21,New York City
3,Fort Lauderdale
31,Rochester
491,Saint Charles
21,New York City
9,San Francisco
43,Phoenix
5,Seattle
492,Camarillo
67,Detroit
9,San Francisco
11,Philadelphia
21,New York City
23,Chicago
9,San Francisco
11,Philadelphia
9,San Francisco
55,Fairfield
21,New York City
2,Los Angeles
11,Philadelphia
50,San Jose
46,Pasadena
11,Philadelphia
2,Los Angeles
2,Los Angeles
39,Columbus
2,Los Angeles
390,Hollywood
44,Roseville
385,Superior
303,Thousand Oaks
11,Philadelphia
25,Springfield
13,Houston
30,Columbia
4,Concord
50,San Jose
248,Greensboro
434,Helena
3,Fort Lauderdale
9,San Francisco
421,Yuma
30,Columbia
421,Yuma
23,Chicago
139,Cleveland
9,San Francisco
269,Oklahoma City
13,Houston
9,San Francisco
317,Nashville
2,Los Angeles
235,Bellevue
13,Houston
11,Philadelphia
468,Des Plaines
200,Boynton Beach
244,Plano
50,San Jose
21,New York City
67,Detroit
101,Miami
112,Park Ridge
21,New York City
21,New York City
493,Hillsboro
21,New York City
23,Chicago
21,New York City
423,Pasco
494,Burbank
23,Chicago
153,Lancaster
68,Tampa
21,New York City
2,Los Angeles
21,New York City
21,New York City
119,Atlanta
21,New York City
109,Jacksonville
13,Houston
159,Milwaukee
495,Modesto
81,Lakewood
11,Philadelphia
9,San Francisco
67,Detroit
43,Phoenix
11,Philadelphia
2,Los Angeles
11,Philadelphia
101,Miami
254,Raleigh
496,Garden City
86,Long Beach
71,San Diego
42,Bloomington
5,Seattle
116,Fayetteville
156,Omaha
347,Chattanooga
55,Fairfield
2,Los Angeles
21,New York City
55,Fairfield
23,Chicago
5,Seattle
21,New York City
492,Camarillo
23,Chicago
2,Los Angeles
168,Toledo
21,New York City
242,Tigard
11,Philadelphia
11,Philadelphia
13,Houston
26,Jackson
43,Phoenix
476,Oxnard
5,Seattle
387,Covington
2,Los Angeles
71,San Diego
181,Brownsville
23,Chicago
290,Knoxville
13,Houston
349,Bolingbrook
23,Chicago
142,Waynesboro
2,Los Angeles
5,Seattle
356,Visalia
2,Los Angeles
2,Los Angeles
21,New York City
11,Philadelphia
428,Lehi
23,Chicago
1,Henderson
102,Huntington Beach
21,New York City
11,Philadelphia
403,Fargo
19,Dover
71,San Diego
2,Los Angeles
457,Utica
13,Houston
224,Westminster
2,Los Angeles
497,Atlantic City
243,Skokie
9,San Francisco
39,Columbus
103,Richmond
153,Lancaster
346,Gresham
9,San Francisco
498,Longmont
203,Greenville
2,Los Angeles
13,Houston
9,San Francisco
61,Denver
115,Huntsville
13,Houston
21,New York City
11,Philadelphia
39,Columbus
86,Long Beach
153,Lancaster
23,Chicago
61,Denver
5,Seattle
13,Houston
2,Los Angeles
312,Newport News
2,Los Angeles
5,Seattle
156,Omaha
74,Morristown
11,Philadelphia
21,New York City
25,Springfield
44,Roseville
180,Rockford
11,Philadelphia
67,Detroit
2,Los Angeles
25,Springfield
206,Providence
23,Chicago
62,Dallas
9,San Francisco
430,Moreno Valley
496,Garden City
21,New York City
334,Orlando
233,Watertown
2,Los Angeles
2,Los Angeles
47,Newark
67,Detroit
43,Phoenix
181,Brownsville
104,Louisville
47,Newark
207,Pueblo
2,Los Angeles
203,Greenville
9,San Francisco
293,Marion
62,Dallas
115,Huntsville
99,Las Vegas
2,Los Angeles
81,Lakewood
10,Fremont
115,Huntsville
2,Los Angeles
154,Asheville
152,Bossier City
206,Providence
232,Everett
278,Rancho Cucamonga
36,Charlotte
206,Providence
298,Midland
31,Rochester
26,Jackson
245,Suffolk
72,Brentwood
5,Seattle
13,Houston
105,Lawrence
67,Detroit
12,Orem
11,Philadelphia
124,Mesa
116,Fayetteville
2,Los Angeles
11,Philadelphia
78,Colorado Springs
2,Los Angeles
21,New York City
9,San Francisco
90,Austin
139,Cleveland
21,New York City
237,El Paso
316,Tallahassee
5,Seattle
62,Dallas
13,Houston
25,Springfield
5,Seattle
5,Seattle
21,New York City
36,Charlotte
249,Baltimore
9,San Francisco
94,Tucson
2,Los Angeles
417,Waterbury
23,Chicago
86,Long Beach
82,Arlington
109,Jacksonville
39,Columbus
36,Charlotte
199,Buffalo
13,Houston
27,Memphis
244,Plano
128,Salem
39,Columbus
30,Columbia
33,Portland
316,Tallahassee
170,Riverside
153,Lancaster
9,San Francisco
430,Moreno Valley
270,Chesapeake
23,Chicago
36,Charlotte
21,New York City
23,Chicago
11,Philadelphia
23,Chicago
62,Dallas
99,Las Vegas
113,Amarillo
210,Middletown
21,New York City
11,Philadelphia
202,Fresno
48,Franklin
254,Raleigh
184,Clinton
2,Los Angeles
227,North Las Vegas
9,San Francisco
396,Cranston
26,Jackson
47,Newark
2,Los Angeles
411,Rome
23,Chicago
71,San Diego
13,Houston
488,West Palm Beach
2,Los Angeles
5,Seattle
97,Des Moines
21,New York City
82,Arlington
344,Pharr
82,Arlington
13,Houston
219,Irving
23,Chicago
2,Los Angeles
414,Hattiesburg
21,New York City
192,Cuyahoga Falls
5,Seattle
124,Mesa
289,Salt Lake City
2,Los Angeles
109,Jacksonville
81,Lakewood
454,Lake Forest
33,Portland
36,Charlotte
35,Aurora
11,Philadelphia
378,Thornton
499,Davis
116,Fayetteville
21,New York City
321,Wheeling
27,Memphis
13,Houston
62,Dallas
9,San Francisco
500,Morgan Hill
491,Saint Charles
139,Cleveland
21,New York City
11,Philadelphia
165,Garland
71,San Diego
417,Waterbury
30,Columbia
390,Hollywood
25,Springfield
21,New York City
62,Dallas
21,New York City
33,Portland
72,Brentwood
71,San Diego
62,Dallas
237,El Paso
21,New York City
360,Revere
456,Chico
389,Miramar
2,Los Angeles
61,Denver
11,Philadelphia
26,Jackson
2,Los Angeles
13,Houston
501,Clifton
23,Chicago
5,Seattle
86,Long Beach
502,Sheboygan
173,Boca Raton
35,Aurora
71,San Diego
5,Seattle
363,Dubuque
2,Los Angeles
91,Lowell
127,Marysville
269,Oklahoma City
11,Philadelphia
35,Aurora
21,New York City
153,Lancaster
495,Modesto
286,Saint Louis
62,Dallas
21,New York City
53,San Antonio
113,Amarillo
13,Houston
105,Lawrence
39,Columbus
2,Los Angeles
5,Seattle
472,Cambridge
289,Salt Lake City
21,New York City
192,Cuyahoga Falls
41,Wilmington
21,New York City
11,Philadelphia
21,New York City
11,Philadelphia
2,Los Angeles
86,Long Beach
31,Rochester
9,San Francisco
115,Huntsville
503,East Point
21,New York City
25,Springfield
82,Arlington
41,Wilmington
421,Yuma
273,San Bernardino
249,Baltimore
5,Seattle
9,San Francisco
21,New York City
5,Seattle
306,Albuquerque
2,Los Angeles
2,Los Angeles
13,Houston
11,Philadelphia
23,Chicago
288,San Angelo
46,Pasadena
2,Los Angeles
496,Garden City
2,Los Angeles
23,Chicago
9,San Francisco
11,Philadelphia
495,Modesto
13,Houston
23,Chicago
170,Riverside
62,Dallas
2,Los Angeles
122,Lakeland
21,New York City
11,Philadelphia
71,San Diego
409,Lawton
128,Salem
158,Santa Ana
504,Rapid City
5,Seattle
210,Middletown
249,Baltimore
71,San Diego
373,Odessa
452,Milford
79,Belleville
21,New York City
71,San Diego
9,San Francisco
5,Seattle
26,Jackson
2,Los Angeles
23,Chicago
21,New York City
2,Los Angeles
97,Des Moines
25,Springfield
11,Philadelphia
23,Chicago
23,Chicago
23,Chicago
21,New York City
197,Rockville
21,New York City
29,Durham
444,Santa Barbara
290,Knoxville
23,Chicago
21,New York City
400,Daytona Beach
317,Nashville
317,Nashville
62,Dallas
88,Murfreesboro
62,Dallas
82,Arlington
46,Pasadena
232,Everett
22,Troy
407,Sandy Springs
50,San Jose
109,Jacksonville
109,Jacksonville
21,New York City
9,San Francisco
39,Columbus
35,Aurora
11,Philadelphia
23,Chicago
5,Seattle
44,Roseville
116,Fayetteville
109,Jacksonville
21,New York City
19,Dover
35,Aurora
21,New York City
486,El Cajon
25,Springfield
146,Mount Vernon
81,Lakewood
68,Tampa
39,Columbus
109,Jacksonville
491,Saint Charles
101,Miami
22,Troy
5,Seattle
21,New York City
82,Arlington
36,Charlotte
44,Roseville
67,Detroit
2,Los Angeles
9,San Francisco
330,Bakersfield
252,Tulsa
9,San Francisco
13,Houston
39,Columbus
426,League City
141,Burlington
21,New York City
62,Dallas
13,Houston
86,Long Beach
147,Hialeah
35,Aurora
79,Belleville
21,New York City
505,Andover
47,Newark
82,Arlington
28,Decatur
87,Hesperia
270,Chesapeake
2,Los Angeles
115,Huntsville
290,Knoxville
105,Lawrence
11,Philadelphia
418,Athens
121,Great Falls
237,El Paso
506,Kissimmee
5,Seattle
69,Santa Clara
2,Los Angeles
202,Fresno
6,Fort Worth
5,Seattle
9,San Francisco
9,San Francisco
331,Pompano Beach
13,Houston
23,Chicago
9,San Francisco
13,Houston
507,Shelton
183,Oakland
92,Manchester
335,Orange
60,Akron
2,Los Angeles
508,Danbury
48,Franklin
41,Wilmington
13,Houston
25,Springfield
221,Glendale
21,New York City
2,Los Angeles
47,Newark
273,San Bernardino
141,Burlington
128,Salem
62,Dallas
82,Arlington
293,Marion
5,Seattle
81,Lakewood
75,Cincinnati
378,Thornton
44,Roseville
229,Tempe
266,Reading
340,Apple Valley
249,Baltimore
332,Corpus Christi
99,Las Vegas
139,Cleveland
5,Seattle
23,Chicago
39,Columbus
94,Tucson
11,Philadelphia
396,Cranston
9,San Francisco
13,Houston
2,Los Angeles
23,Chicago
13,Houston
40,Bristol
451,Holland
306,Albuquerque
104,Louisville
21,New York City
166,Norwich
9,San Francisco
339,Noblesville
301,Clarksville
390,Hollywood
284,York
124,Mesa
21,New York City
9,San Francisco
2,Los Angeles
156,Omaha
11,Philadelphia
21,New York City
355,Grand Rapids
5,Seattle
202,Fresno
82,Arlington
2,Los Angeles
271,Lubbock
498,Longmont
182,Yonkers
2,Los Angeles
2,Los Angeles
113,Amarillo
62,Dallas
67,Detroit
21,New York City
13,Houston
334,Orlando
160,Florence
21,New York City
327,Frisco
268,Paterson
39,Columbus
159,Milwaukee
9,San Francisco
39,Columbus
2,Los Angeles
67,Detroit
39,Columbus
9,San Francisco
11,Philadelphia
2,Los Angeles
11,Philadelphia
21,New York City
39,Columbus
2,Los Angeles
35,Aurora
13,Houston
23,Chicago
28,Decatur
25,Springfield
370,Plantation
13,Houston
159,Milwaukee
509,Sanford
399,The Colony
22,Troy
338,Hempstead
62,Dallas
13,Houston
21,New York City
9,San Francisco
371,Port Saint Lucie
4,Concord
31,Rochester
104,Louisville
510,San Marcos
195,Escondido
11,Philadelphia
2,Los Angeles
11,Philadelphia
11,Philadelphia
338,Hempstead
511,Greeley
109,Jacksonville
82,Arlington
9,San Francisco
202,Fresno
193,Reno
53,San Antonio
218,New Bedford
21,New York City
476,Oxnard
2,Los Angeles
183,Oakland
157,Edmonds
2,Los Angeles
21,New York City
62,Dallas
48,Franklin
43,Phoenix
101,Miami
78,Colorado Springs
21,New York City
438,Bethlehem
11,Philadelphia
104,Louisville
5,Seattle
250,Kenosha
1,Henderson
62,Dallas
98,Peoria
109,Jacksonville
2,Los Angeles
317,Nashville
36,Charlotte
5,Seattle
23,Chicago
75,Cincinnati
3,Fort Lauderdale
13,Houston
81,Lakewood
9,San Francisco
11,Philadelphia
5,Seattle
2,Los Angeles
139,Cleveland
28,Decatur
512,Mansfield
13,Houston
103,Richmond
82,Arlington
9,San Francisco
71,San Diego
233,Watertown
2,Los Angeles
11,Philadelphia
60,Akron
9,San Francisco
355,Grand Rapids
9,San Francisco
317,Nashville
11,Philadelphia
13,Houston
193,Reno
21,New York City
2,Los Angeles
71,San Diego
9,San Francisco
71,San Diego
513,Elyria
13,Houston
101,Miami
5,Seattle
88,Murfreesboro
286,Saint Louis
5,Seattle
21,New York City
440,Woodbury
347,Chattanooga
11,Philadelphia
241,Lafayette
105,Lawrence
493,Hillsboro
472,Cambridge
71,San Diego
21,New York City
316,Tallahassee
168,Toledo
30,Columbia
119,Atlanta
302,Sacramento
6,Fort Worth
39,Columbus
104,Louisville
254,Raleigh
21,New York City
23,Chicago
115,Huntsville
21,New York City
128,Salem
13,Houston
514,Twin Falls
290,Knoxville
43,Phoenix
54,Monroe
103,Richmond
13,Houston
2,Los Angeles
12,Orem
141,Burlington
11,Philadelphia
23,Chicago
269,Oklahoma City
21,New York City
289,Salt Lake City
457,Utica
11,Philadelphia
2,Los Angeles
26,Jackson
221,Glendale
41,Wilmington
90,Austin
334,Orlando
266,Reading
11,Philadelphia
13,Houston
491,Saint Charles
246,Indianapolis
5,Seattle
194,Harrisonburg
31,Rochester
407,Sandy Springs
2,Los Angeles
9,San Francisco
32,Minneapolis
39,Columbus
254,Raleigh
21,New York City
11,Philadelphia
348,Meridian
302,Sacramento
36,Charlotte
268,Paterson
82,Arlington
23,Chicago
71,San Diego
5,Seattle
39,Columbus
13,Houston
219,Irving
74,Morristown
2,Los Angeles
35,Aurora
29,Durham
39,Columbus
2,Los Angeles
281,Stockton
30,Columbia
39,Columbus
71,San Diego
481,Texas City
2,Los Angeles
25,Springfield
28,Decatur
21,New York City
9,San Francisco
430,Moreno Valley
232,Everett
347,Chattanooga
90,Austin
174,Virginia Beach
313,Jamestown
515,Coral Gables
366,Hickory
180,Rockford
5,Seattle
115,Huntsville
159,Milwaukee
125,Green Bay
11,Philadelphia
2,Los Angeles
369,North Miami
33,Portland
35,Aurora
9,San Francisco
9,San Francisco
218,New Bedford
71,San Diego
26,Jackson
109,Jacksonville
71,San Diego
147,Hialeah
13,Houston
174,Virginia Beach
13,Houston
11,Philadelphia
27,Memphis
81,Lakewood
21,New York City
11,Philadelphia
2,Los Angeles
62,Dallas
335,Orange
62,Dallas
516,Romeoville
23,Chicago
109,Jacksonville
25,Springfield
9,San Francisco
30,Columbia
390,Hollywood
62,Dallas
13,Houston
11,Philadelphia
43,Phoenix
407,Sandy Springs
259,Spokane
159,Milwaukee
55,Fairfield
115,Huntsville
13,Houston
21,New York City
2,Los Angeles
52,Carlsbad
450,Pocatello
25,Springfield
168,Toledo
300,Fort Collins
21,New York City
21,New York City
517,Marlborough
107,New Rochelle
5,Seattle
67,Detroit
116,Fayetteville
95,Quincy
21,New York City
13,Houston
67,Detroit
433,Chandler
390,Hollywood
2,Los Angeles
9,San Francisco
283,Sunnyvale
21,New York City
2,Los Angeles
9,San Francisco
158,Santa Ana
5,Seattle
21,New York City
2,Los Angeles
5,Seattle
71,San Diego
21,New York City
23,Chicago
194,Harrisonburg
197,Rockville
97,Des Moines
11,Philadelphia
39,Columbus
25,Springfield
1,Henderson
81,Lakewood
156,Omaha
1,Henderson
158,Santa Ana
25,Springfield
245,Suffolk
2,Los Angeles
13,Houston
144,Cary
25,Springfield
104,Louisville
22,Troy
67,Detroit
42,Bloomington
62,Dallas
13,Houston
320,Haltom City
103,Richmond
2,Los Angeles
11,Philadelphia
2,Los Angeles
2,Los Angeles
9,San Francisco
11,Philadelphia
13,Houston
325,Las Cruces
13,Houston
253,Redmond
139,Cleveland
518,Laurel
71,San Diego
482,Wilson
85,Saint Petersburg
453,Buffalo Grove
2,Los Angeles
21,New York City
99,Las Vegas
15,Naperville
141,Burlington
67,Detroit
419,Avondale
11,Philadelphia
99,Las Vegas
295,Bangor
470,Hendersonville
343,Eau Claire
23,Chicago
71,San Diego
26,Jackson
476,Oxnard
240,Kent
317,Nashville
21,New York City
224,Westminster
228,Allentown
53,San Antonio
419,Avondale
50,San Jose
276,Perth Amboy
21,New York City
2,Los Angeles
452,Milford
42,Bloomington
5,Seattle
141,Burlington
44,Roseville
9,San Francisco
11,Philadelphia
2,Los Angeles
373,Odessa
32,Minneapolis
11,Philadelphia
241,Lafayette
519,Bryan
2,Los Angeles
2,Los Angeles
2,Los Angeles
43,Phoenix
2,Los Angeles
39,Columbus
316,Tallahassee
9,San Francisco
9,San Francisco
21,New York City
293,Marion
2,Los Angeles
520,Pine Bluff
30,Columbia
521,Aberdeen
5,Seattle
67,Detroit
27,Memphis
227,North Las Vegas
211,Freeport
21,New York City
21,New York City
1,Henderson
306,Albuquerque
479,Delray Beach
11,Philadelphia
5,Seattle
103,Richmond
488,West Palm Beach
300,Fort Collins
48,Franklin
54,Monroe
62,Dallas
11,Philadelphia
9,San Francisco
19,Dover
436,Waco
522,Hagerstown
139,Cleveland
393,Mcallen
365,Santa Fe
9,San Francisco
21,New York City
62,Dallas
67,Detroit
11,Philadelphia
239,Carrollton
21,New York City
13,Houston
2,Los Angeles
157,Edmonds
9,San Francisco
21,New York City
25,Springfield
431,Georgetown
198,Coral Springs
9,San Francisco
9,San Francisco
170,Riverside
22,Troy
430,Moreno Valley
5,Seattle
23,Chicago
26,Jackson
21,New York City
5,Seattle
491,Saint Charles
86,Long Beach
81,Lakewood
184,Clinton
39,Columbus
46,Pasadena
5,Seattle
2,Los Angeles
523,East Orange
343,Eau Claire
23,Chicago
68,Tampa
21,New York City
124,Mesa
141,Burlington
13,Houston
35,Aurora
61,Denver
21,New York City
524,Arlington Heights
312,Newport News
94,Tucson
21,New York City
11,Philadelphia
23,Chicago
21,New York City
11,Philadelphia
221,Glendale
2,Los Angeles
13,Houston
5,Seattle
116,Fayetteville
13,Houston
9,San Francisco
21,New York City
5,Seattle
199,Buffalo
115,Huntsville
62,Dallas
11,Philadelphia
98,Peoria
11,Philadelphia
148,Oceanside
11,Philadelphia
23,Chicago
21,New York City
240,Kent
109,Jacksonville
225,Coppell
246,Indianapolis
105,Lawrence
252,Tulsa
253,Redmond
9,San Francisco
259,Spokane
2,Los Angeles
347,Chattanooga
248,Greensboro
9,San Francisco
21,New York City
81,Lakewood
104,Louisville
39,Columbus
47,Newark
5,Seattle
21,New York City
23,Chicago
525,Oswego
62,Dallas
11,Philadelphia
2,Los Angeles
13,Houston
321,Wheeling
268,Paterson
33,Portland
115,Huntsville
9,San Francisco
269,Oklahoma City
388,Broken Arrow
134,Mission Viejo
383,Greenwood
159,Milwaukee
9,San Francisco
411,Rome
21,New York City
364,Dearborn Heights
21,New York City
23,Chicago
62,Dallas
234,Appleton
109,Jacksonville
23,Chicago
257,Bowling Green
9,San Francisco
2,Los Angeles
23,Chicago
5,Seattle
487,Beaumont
5,Seattle
62,Dallas
21,New York City
23,Chicago
9,San Francisco
206,Providence
43,Phoenix
13,Houston
39,Columbus
11,Philadelphia
50,San Jose
11,Philadelphia
25,Springfield
267,Broomfield
39,Columbus
4,Concord
13,Houston
47,Newark
2,Los Angeles
68,Tampa
10,Fremont
39,Columbus
226,Pomona
53,San Antonio
21,New York City
11,Philadelphia
21,New York City
67,Detroit
101,Miami
4,Concord
23,Chicago
321,Wheeling
23,Chicago
46,Pasadena
21,New York City
50,San Jose
302,Sacramento
25,Springfield
512,Mansfield
187,Jonesboro
174,Virginia Beach
31,Rochester
270,Chesapeake
153,Lancaster
21,New York City
2,Los Angeles
26,Jackson
351,Woodland
5,Seattle
2,Los Angeles
257,Bowling Green
153,Lancaster
62,Dallas
271,Lubbock
67,Detroit
47,Newark
21,New York City
32,Minneapolis
232,Everett
5,Seattle
2,Los Angeles
4,Concord
5,Seattle
221,Glendale
526,Coon Rapids
2,Los Angeles
94,Tucson
21,New York City
226,Pomona
444,Santa Barbara
9,San Francisco
170,Riverside
2,Los Angeles
527,San Clemente
28,Decatur
248,Greensboro
66,Dublin
11,Philadelphia
13,Houston
330,Bakersfield
103,Richmond
21,New York City
9,San Francisco
9,San Francisco
2,Los Angeles
71,San Diego
82,Arlington
103,Richmond
21,New York City
13,Houston
55,Fairfield
9,San Francisco
25,Springfield
67,Detroit
11,Philadelphia
76,Inglewood
528,San Luis Obispo
41,Wilmington
9,San Francisco
2,Los Angeles
11,Philadelphia
9,San Francisco
11,Philadelphia
13,Houston
153,Lancaster
125,Green Bay
21,New York City
21,New York City
42,Bloomington
395,Boise
91,Lowell
5,Seattle
2,Los Angeles
410,Hampton
11,Philadelphia
156,Omaha
2,Los Angeles
141,Burlington
71,San Diego
47,Newark
35,Aurora
2,Los Angeles
23,Chicago
19,Dover
23,Chicago
5,Seattle
103,Richmond
9,San Francisco
529,Springdale
5,Seattle
2,Los Angeles
210,Middletown
355,Grand Rapids
9,San Francisco
147,Hialeah
11,Philadelphia
119,Atlanta
53,San Antonio
86,Long Beach
268,Paterson
104,Louisville
410,Hampton
13,Houston
13,Houston
23,Chicago
168,Toledo
530,Lodi
21,New York City
3,Fort Lauderdale
254,Raleigh
23,Chicago
33,Portland
523,East Orange
85,Saint Petersburg
9,San Francisco
21,New York City
36,Charlotte
487,Beaumont
62,Dallas
25,Springfield
190,La Porte
86,Long Beach
28,Decatur
2,Los Angeles
530,Lodi
21,New York City
9,San Francisco
39,Columbus
5,Seattle
103,Richmond
21,New York City
531,Mason
23,Chicago
21,New York City
216,Parma
21,New York City
139,Cleveland
21,New York City
139,Cleveland
319,Woodstock
2,Los Angeles
241,Lafayette
21,New York City
457,Utica
81,Lakewood
159,Milwaukee
23,Chicago
23,Chicago
55,Fairfield
25,Springfield
104,Louisville
239,Carrollton
126,Anaheim
103,Richmond
444,Santa Barbara
293,Marion
21,New York City
519,Bryan
60,Akron
23,Chicago
21,New York City
9,San Francisco
273,San Bernardino
222,Niagara Falls
11,Philadelphia
396,Cranston
2,Los Angeles
21,New York City
9,San Francisco
126,Anaheim
5,Seattle
11,Philadelphia
246,Indianapolis
2,Los Angeles
107,New Rochelle
433,Chandler
160,Florence
13,Houston
11,Philadelphia
47,Newark
136,Plainfield
215,Smyrna
13,Houston
2,Los Angeles
241,Lafayette
55,Fairfield
355,Grand Rapids
86,Long Beach
2,Los Angeles
418,Athens
101,Miami
117,Costa Mesa
224,Westminster
